{"fixed acidity<4.300000000000001": {"residual sugar<7.65": 1.0, "residual sugar>7.65": 0.0}, "fixed acidity>4.300000000000001": {"sulphates<0.225": 1.0, "sulphates>0.225": {"alcohol<12.6": {"pH<3.8099999999999996": {"chlorides<0.136": {"volatile acidity<0.0825": {"free sulfur dioxide<20.5": 0.0, "free sulfur dioxide>20.5": 1.0}, "volatile acidity>0.0825": {"citric acid<0.24": {"total sulfur dioxide<65.0": {"density<0.99255": 0.0, "density>0.99255": 0.0}, "total sulfur dioxide>65.0": 0.0}, "citric acid>0.24": {"density<0.98868": 0.0, "density>0.98868": 0.0}}}, "chlorides>0.136": 0.0}, "pH>3.8099999999999996": 1.0}, "alcohol>12.6": {"volatile acidity<0.665": {"citric acid<0.6799999999999999": {"free sulfur dioxide<4.5": 0.0, "free sulfur dioxide>4.5": {"total sulfur dioxide<41.5": 1.0, "total sulfur dioxide>41.5": {"density<0.987255": 1.0, "density>0.987255": {"chlorides<0.0625": 1.0, "chlorides>0.0625": 0.0}}}}, "citric acid>0.6799999999999999": 0.0}, "volatile acidity>0.665": 0.0}}}}