{"fixed acidity<4.05": {"residual sugar<7.65": 1.0, "residual sugar>7.65": 0.0}, "fixed acidity>4.05": {"density<0.9871749999999999": 1.0, "density>0.9871749999999999": {"sulphates<0.225": 1.0, "sulphates>0.225": {"alcohol<12.5": {"pH<3.815": {"chlorides<0.1355": {"volatile acidity<0.08": {"free sulfur dioxide<20.5": 0.0, "free sulfur dioxide>20.5": 1.0}, "volatile acidity>0.08": {"citric acid<0.22": {"total sulfur dioxide<68.0": 0.0, "total sulfur dioxide>68.0": 0.0}, "citric acid>0.22": 0.0}}, "chlorides>0.1355": 0.0}, "pH>3.815": 1.0}, "alcohol>12.5": {"volatile acidity<0.7150000000000001": {"citric acid<0.6799999999999999": {"free sulfur dioxide<5.0": {"total sulfur dioxide<42.0": 0.0, "total sulfur dioxide>42.0": {"chlorides<0.027": 1.0, "chlorides>0.027": 0.0}}, "free sulfur dioxide>5.0": {"chlorides<0.0605": 1.0, "chlorides>0.0605": 0.0}}, "citric acid>0.6799999999999999": 0.0}, "volatile acidity>0.7150000000000001": {"free sulfur dioxide<20.5": 1.0, "free sulfur dioxide>20.5": 0.0}}}}}}